{"cameraMode":{"drawMode":0,"name":"Shaded","section":"Shading Mode"},"sceneLighting":true,"audioPlay":false,"sceneViewState":{"m_AlwaysRefresh":false,"showFog":true,"showSkybox":true,"showFlares":true,"showImageEffects":true,"showParticleSystems":true,"showVisualEffectGraphs":true,"m_FxEnabled":true},"in2DMode":false,"pivot":{"x":0.07262933254241944,"y":-2.927912950515747,"z":-3.3481884002685549},"rotation":{"x":-0.13740426301956178,"y":0.048211317509412768,"z":-0.006711803842335939,"w":-0.9893834590911865},"size":8.250592231750489,"orthographic":false}